Epoch,Train Loss,Train Accuracy,Val Loss,Val Accuracy,Learning Rate
1,2.321010813433039,0.13551544814928113,2.2777788019799567,0.15252854812398042,1.6313213703099511e-06
2,2.015336323912342,0.2804119506474967,1.9685836395660004,0.30179445350734097,3.2626427406199023e-06
3,1.903060654248149,0.32232079127154073,1.8803915698806961,0.33278955954323003,4.893964110929853e-06
4,1.8237471205180855,0.35862139288263484,1.8565349207296,0.3694942903752039,6.5252854812398045e-06
5,1.7841171728261727,0.3732028143163047,1.7516543129821875,0.3833605220228385,8.156606851549754e-06
6,1.7522567633120114,0.3846232283063118,1.743942557991325,0.4070146818923328,9.787928221859706e-06
